InputGenerationTime,0.03248962699944968
ProfilingTime,0.8317962860000989
SimulationTime,0.4645726899998408
FramaCExecutionTime,7.870003173593432e-07
TotalExecutionTime,1.329314433000036
